fruit,fruit_id,date,ripeness,group_id,split
mandarin,M01,2026-10-02,unripe,M01_20261002,train
mandarin,M01,2026-10-04,unripe,M01_20261004,train
mandarin,M01,2026-10-05,unripe,M01_20261005,train
mandarin,M01,2026-10-06,unripe,M01_20261006,train
mandarin,M02,2026-10-02,unripe,M02_20261002,train
mandarin,M02,2026-10-04,unripe,M02_20261004,train
mandarin,M02,2026-10-05,unripe,M02_20261005,train
mandarin,M02,2026-10-06,unripe,M02_20261006,train
mandarin,M03,2026-10-02,unripe,M03_20261002,train
mandarin,M03,2026-10-04,unripe,M03_20261004,train
mandarin,M03,2026-10-05,unripe,M03_20261005,train
mandarin,M03,2026-10-06,unripe,M03_20261006,train
mandarin,M04,2026-10-02,ripe,M04_20261002,train
mandarin,M04,2026-10-04,ripe,M04_20261004,train
mandarin,M04,2026-10-05,ripe,M04_20261005,train
mandarin,M04,2026-10-06,ripe,M04_20261006,train
mandarin,M05,2026-10-02,ripe,M05_20261002,train
mandarin,M05,2026-10-04,ripe,M05_20261004,train
mandarin,M05,2026-10-05,ripe,M05_20261005,train
mandarin,M05,2026-10-06,ripe,M05_20261006,train
tomato,T01,2026-10-02,unripe,T01_20261002,train
tomato,T01,2026-10-04,unripe,T01_20261004,train
tomato,T01,2026-10-05,unripe,T01_20261005,train
tomato,T01,2026-10-06,unripe,T01_20261006,train
tomato,T02,2026-10-02,ripe,T02_20261002,train
tomato,T02,2026-10-04,overripe,T02_20261004,train
tomato,T02,2026-10-05,overripe,T02_20261005,train
tomato,T02,2026-10-06,overripe,T02_20261006,train
tomato,T03,2026-10-02,ripe,T03_20261002,train
tomato,T03,2026-10-04,ripe,T03_20261004,train
tomato,T03,2026-10-05,overripe,T03_20261005,train
tomato,T03,2026-10-06,overripe,T03_20261006,train
tomato,T04,2026-10-02,ripe,T04_20261002,train
tomato,T04,2026-10-04,ripe,T04_20261004,train
tomato,T04,2026-10-05,ripe,T04_20261005,train
tomato,T04,2026-10-06,ripe,T04_20261006,train
tomato,T05,2026-10-02,ripe,T05_20261002,train
tomato,T05,2026-10-04,ripe,T05_20261004,train
tomato,T05,2026-10-05,ripe,T05_20261005,train
tomato,T05,2026-10-06,overripe,T05_20261006,train
